id,snum,dnum,api00,api99,growth,meals,ell,yr_rnd,mobility,acs_k3,acs_46,not_hsg,hsg,some_col,col_grad,grad_sch,avg_ed,full,enroll,mealcat
0,906,41,693,600,93,67.01,9,5.55,11,16,22,2.42,2.43,8.7,1.65,8.79,0,76.01,24,247
1,889,41,570,501,69,92.01,21,2.63,33,15,32,9.76,2.32,1.88,2.42,2.3,0,79,19,463
2,887,41,546,472,74,97,29,8.7,36.01,17,25,2.64,2.39,1.03,2.25,2.36,0,68,29,395
3,876,41,571,487,84,90,27,3.58,27,20,30,36,45,9,9,2.73,1.91,87.01,11,418
4,888,41,478,425,53,89,30,2.15,44,18,31,50,50,2.22,9.92,1.64,1.5,87.01,13,520
5,4284,98,858,844,14,10,3,1.8,10,20,33,1,8,24,36,31,3.89,100,2.34,343
6,4271,98,918,864,54,5,2,2.19,16,19,28,1,4,18,34,43.01,4.13,100,2.34,303
7,2910,108,831,791,40,2,3,2.42,44,20,31,4.35,4,16,50,30,4.06,96.01,2,1513
8,2899,108,860,838,22,5,6,1.49,10,20,30,2,9,15,42,33,3.96,100,8.8,660
9,2887,108,737,703,34,29,15,2.59,17,21,29,8,25,34,27,7,2.98,96,7,362
10,2911,108,851,808,43,1,2,2.07,16,20,30,2.55,3,16,45,37,4.15,100,2,768
11,2882,108,536,496,40,71,69.01,2.09,8,21,27,61,15,6,10,8,1.9,100.01,6,404
12,2907,108,847,815,32,3,2,4.28,11,20,29,1,5,17,41,37,4.08,97.01,3,586
13,2908,108,765,711,54,13,8,3.79,19,21,27,5,34,27,31,3,2.93,98,2,633
14,2895,108,809,802,7,7,8,8.47,16,20,31,5,27,25,37,6,3.12,89,7,379
15,2880,108,813,780,33,22,11,2.25,12,21,32,10,35.01,23,27,6,2.84,100.01,4.63,417
16,2890,108,856,816,40,7,6,2.25,13,21,29,1,10,15,42,32,3.95,100,2.15,670
17,3948,131,712,677,35,40,12,1,19,19,30,14,30,31,19,6,2.71,85,12,589
18,3956,131,805,759,46,10,1,2.78,26,21,31,2,16,41,29,12,3.31,93,7,770
19,3947,131,678,632,46,37,16,1,16,20,32,12,27,29,27,6,2.87,83.01,15,694
20,3952,131,619,570,49,57,25,1,24,19,31,19,25,29,20,6,2.68,75.01,25,611
21,3954,131,713,704,9,29,14,1,14,20,30,11,29,28,26,7,2.88,80.01,15,594
22,3943,131,704,618,86,57,19,1,22,20,30,15,32,35,14,5,2.62,69.01,29,564
23,3945,131,523,452,71,69,43,1,31,19,29,32,34,18,12,4,2.22,71.01,29,645
24,4293,135,655,632,23,65.01,44,2.3,21,20,29,0,2.47,2.63,2.58,2.78,0,100,1.64,414
25,4299,135,523,441,82,74.01,52,1,23,19,28,0,2.55,2.63,100.01,8.7,4,87,13,631
26,4318,135,521,473,48,74.01,63,2.42,15,19,31,0,2.15,3.2,2.36,4.63,0,94,3,343
27,4319,135,709,701,8,18,16,8.56,20,17,27,0,2.55,2.63,2.34,6.26,0,96,7,404
28,4296,135,505,452,53,75,59,5.82,27,19,30,0,2.13,2.42,6.82,2.11,0,94.01,6,504
29,4317,135,762,744,18,18,16,1.59,15,20,30,0,100.01,2.16,1.09,6.87,2,100.01,2.03,512
30,4322,135,722,684,38,11,21,2.74,20,20,28,0,2.15,2.12,8.57,2.61,0,95.01,5,637
31,4307,135,603,520,83,71.01,54,4.25,19,19,30,50,25,25,2.42,2.42,1.75,88.01,15,594
32,4302,135,657,579,78,67.01,36,2.06,17,19,30,22,44,33,4.55,3.81,2.11,100.01,4.4,500
33,4314,135,705,655,50,46,42,2.21,32,17,27,0,2.15,2.47,100,2.28,4,96,8.78,320
34,4292,135,754,748,6,25,25,2.15,18,20,27,13,40,33,5.76,13,2.6,100.01,4,309
35,4304,135,490,431,59,71,54,0,25,23,30,0,4.63,2.42,4.63,8.7,0,65.01,43,748
36,4308,135,698,680,18,44,18,1.3,21,19,29,100,1.67,2.42,2.51,3.79,1,100.01,6.63,527
37,600,140,843,805,38,25,6,8.99,17,20,32,6,35,22,28,9,2.98,91,6,465
38,596,140,800,769,31,56,6,1.03,41,19,30,9,32,32,21,5,2.82,94.01,6,451
39,611,140,857,857,9.07,13,4,5.27,12,20,32,4,11,35,31,19,3.48,100.01,2.29,432
40,595,140,713,664,49,63,35,5.12,15,21,32,40,29,15,12,4,2.09,92.01,8,524
41,592,140,804,873,-69,38,8,5.27,33,21,35,10,30,35,20,5,2.79,97,3,427
42,602,140,864,831,33,24,5,3.21,35,21,35,4,19,33,30,14,3.31,100,3,562
43,5222,166,940,917,23,7.59,2,8.79,3,20,31,0,9.71,4,28,67,4.62,90,2.57,305
44,5210,166,792,779,13,9,3,3.21,19,20,31,2,5,17,38,38,4.05,84.01,0,467
45,5217,166,887,882,5,3,5,1.15,14,21,31,0,4,7,32,57,4.42,93,10,520
46,3644,209,775,726,49,26,13,7.31,18,21,33,4,10,35,36,16,3.51,93,7,816
47,3643,209,822,766,56,16,10,1,47,21,32,1,11,29,38,19,3.63,95,3,830
48,3624,209,806,745,61,21,6,1,25,19,30,5,30,28,21,16,3.12,90,5,487
49,3623,209,816,745,71,16,6,9.32,18,19,32,6,17,27,36,14,3.35,100,2.65,307
50,3629,209,553,485,68,86.01,38,1,32,20,32,33,28,27,8,4,2.2,95,5,819
51,3622,209,686,633,53,75.01,33,1,24,21,32.01,32,35,16,14,3,2.21,98,2,744
52,4017,238,483,444,39,79.01,40,1,24,20,28,37,27,27,7,3,2.13,87.01,13,672
53,58,248,801,765,36,20,12,2.32,18,19,30,7,16,25,36,15,3.35,89.01,14,416
54,70,248,753,694,59,25,19,2.42,14,21,29,10,22,19,34,16,3.25,85.01,20,286
55,65,248,903,889,14,7,8,3.51,21,22,30,1,9,15,34,41,4.06,77,23,488
56,657,253,454,443,11,100,53,1,21,19,29,47,33.01,11,8,8.29,1.82,93,11,656
57,697,253,440,428,12,100.01,67,1,19,19,29,58,26,12,3,1,1.64,88,19,577
58,646,253,519,491,28,93,33,7.31,19,19,29,43,27,19,10,1,2.01,100,5,523
59,640,253,512,477,35,84,33,1,24,19,29,27,35.01,21,16,2,2.31,98.01,10,672
60,629,253,525,522,3,92,41,1,15,19,30,45,34,14,6,1,1.85,98.01,2,678
61,659,253,486,480,6,90.01,44,1,27,19,30,47,32,12,8,2,1.85,94.01,15,680
62,699,253,437,409,28,90.01,70.01,1,17,19,29,64,20,8,7,1.03,1.59,93,15,700
63,637,253,447,409,38,100,51,3.87,22,20,29,61,19,15,4,2,1.67,100,7,396
64,663,253,518,499,19,86,22,8.17,18,19,29,15,36.01,27,19,2,2.57,93.01,13,495
65,633,253,479,466,13,100,59,1,21,19,30,59,26,9,5,1,1.63,94,10,929
66,690,253,424,343,81,100,36,2.34,20,17,26,46,28,16,10,1.54,1.91,87,20,205
67,2982,259,536,465,71,93,84,2.19,14,21,29,0,2.38,6.83,1.42,1.91,0,92.01,8,570
68,3000,259,628,554,74,75.01,74,2.42,25,20,28,0,2.51,50,50,2.45,3.5,84.01,16,485
69,2997,259,627,546,81,71.01,71.01,1.5,15,20,33,39,24,15,20,2,2.22,96.01,4,410
70,3005,259,596,534,62,65.01,46,2.55,20,21,29,40,42,14,3,1.54,1.81,100.01,2.49,224
71,2972,259,664,617,47,72.01,71.01,2.55,13,19,30,19,30,26,23,2,2.58,91.01,13,306
72,3011,259,655,620,35,56,52,2.59,19,21,29,24,34,32,10,2.25,2.27,96,4,447
73,2977,259,616,566,50,75,65,2.07,23,21,31,34,31,15,19,1,2.22,93.01,7,432
74,3013,259,538,497,41,80.01,82,2.47,19,21,31,24,42,22,7,5,2.27,91,9,544
75,3024,259,727,670,57,60,50,7.19,24,21,30,21,24,17,25,12,2.83,100,2.07,547
76,3004,259,822,787,35,8,4,6.37,10,19,27,0,19,19,29,33,3.76,87,13,313
77,3010,259,638,569,69,80.01,71,1.42,11,20,31,64,30,4,2,2.97,1.44,93.01,7,705
78,2460,284,581,497,84,70.01,26,9.16,14,23,25,22,29,23,21,6,2.6,63,32,182
79,2479,284,784,739,45,23,25,8.79,21,21,36,5,21,20,44,10,3.32,58,25,166
80,2459,284,871,840,31,14,15,5.12,15,21,34,1,8,13,41,36,4.02,83,13,404
81,105,294,567,535,32,62,43,1.45,20,20,31,19,24,32,21,4,2.67,80,25,626
82,94,294,620,592,28,51,20,3.15,20,19,31,10,28,40,15,7,2.79,88.01,12,242
83,93,294,761,726,35,15,3,5.41,21,20,29,1,14,30,37,19,3.6,86,14,267
84,116,294,513,508,5,82,56,3.15,16,0,31,25,36,26,10,4,2.31,46,42,558
85,3236,316,912,900,12,6,7,1.09,22,21,30,4.82,3.21,33,3.21,67,4.33,97.01,6,611
86,3240,316,883,821,62,7,20,1.36,35,19,31,0,8.29,2.1,100,1.56,4,100.01,8.98,440
87,3241,316,844,834,10,12,14,6.88,21,21,26,1.64,5.55,67.01,33,8.79,3.33,100.01,3,381
88,3256,316,880,841,39,11,7,9.07,11,21,31,6.89,50,50,2.12,1.81,2.5,90,3,503
89,3250,316,894,881,13,4,4,8.7,13,20,26,2.31,2.12,2.3,2.63,7,0,97.01,3.49,466
90,3247,316,858,818,40,4,8,2.3,17,20,27,2.12,20,9.43,80.01,2.42,3.6,95,5,357
91,3258,316,847,817,30,7,7,1.59,17,20,31,2.12,2.25,2.47,2.12,2.28,0,100,2.27,388
92,1497,395,604,529,75,100,68.01,1,12,20,35,48,33,13,6,1,1.78,37,53,591
93,1478,395,553,466,87,100.01,70.01,1,11,19,35,62,25,9,3,2.24,1.54,73,17,637
94,1474,395,657,567,90,64.01,19,8.79,25,19,32,23,46,17,14,1,2.24,90.01,3,403
95,1511,395,492,500,-8,89.01,48,2.53,42,18,31,32,32.01,24,10,2,2.19,44,47,810
96,1539,395,700,711,-11,80.01,51,1.37,11,20,34,26,27,30,13,4,2.44,83.01,14,295
97,1490,395,590,552,38,89.01,58,1,16,19,33,29,39,22,7,2,2.13,58,29,837
98,1500,395,777,752,25,37,11,2.42,15,20,34,4,32,23,31,10,3.11,84.01,9,669
99,1515,395,667,625,42,85.01,52,1,18,19,34,41,36,12,8,3,1.97,80.01,16,621
100,1512,395,769,752,17,47,20,2.55,17,16,25,16,11,30,30,13,3.13,95,5,467
101,1475,395,650,631,19,78.01,33,2.59,21,19,32,19,37,26,11,8,2.52,85.01,15,262
102,1522,395,561,427,134,100,86,1,8,20,35,44,37,14,5,1.03,1.81,48,31,795
103,1472,395,561,537,24,83,28,2.36,21,19,34,7,39,25,26,3,2.79,45,41,750
104,1516,395,597,543,54,100,71.01,1,15,20,34,55,26,13,5,1,1.71,68,32,590
105,1489,395,568,507,61,84,55,1,16,20,33,33,47,14,4,2,1.96,78,15,1029
106,1493,395,637,622,15,78.01,30,1.01,28,19,29,24,25,24,22,5,2.59,59,23,891
107,1606,401,588,538,50,61,1,1.05,20,16,26,2.31,10,36,48,6,3.49,73.01,19,285
108,1866,401,821,793,28,48,9,2.63,20,18,29,5,17,15,40,23,3.58,82.01,18,393
109,1747,401,559,511,48,100,74.01,2.12,11,17,27,53,28,12,5,2,1.75,84.01,8,419
110,1905,401,693,663,30,50,4,2.63,11,18,27,13,42,19,21,5,2.64,81.01,12,353
111,1699,401,542,456,86,99.01,53,1.76,10,19,30,33,33,20,15,3.08,2.16,67,24,414
112,2077,401,840,816,24,33,25,2.42,11,20,29,2.12,2.12,6.82,3.15,7.39,0,100,0,276
113,1959,401,621,605,16,82,45,4.26,17,18,25,42,50,8,9.37,7.39,1.67,86.01,11,320
114,1914,401,487,489,-2,91,48,1,22,18,27,33,32,22,8,5,2.21,72,21,717
115,1685,401,686,621,65,62,21,1.12,10,16,26,10,40,28,19,3,2.66,85,15,278
116,1757,401,463,438,25,88.01,75,1,24,19,27,48,32,10,11,1,1.85,75.01,20,631
117,2087,401,476,430,46,90,70,1,10,18,29,28,43,14,14,1,2.18,71.01,25,852
118,1946,401,821,767,54,21,4,1.27,12,18,29,4,25,22,35,14,3.31,76,12,405
119,1821,401,412,379,33,100.01,77,1,8,19,29,67.01,21,8,4,1,1.5,62,28,1264
120,1881,401,394,382,12,99.01,42,1,22,17,26,29,35,23,11,3,2.23,68.01,24,629
121,1862,401,815,785,30,24,18,8.56,15,18,30,10,9,10,32,39,3.81,100.01,2.25,300
122,1932,401,694,631,63,56,24,5.82,24,18,30,18,36,16,25,5,2.64,81,12,361
123,1919,401,433,425,8,100,74,1,15,19,31,49,29,9,5,8,1.96,50,36,859
124,1788,401,560,504,56,72,1,2.3,26,17,27,3,6,52,27,13,3.39,73.01,19,321
125,1664,401,572,535,37,76.01,44,3.91,12,18,25,19,26,24,22,8,2.73,90.01,7,380
126,1885,401,605,600,5,68.01,31,8.16,15,17,24,11,19,15,52,3,3.16,81,19,277
127,1682,401,755,716,39,27,2,6.47,10,16,31,1,18,34,29,19,3.48,84,8,283
128,1853,401,475,415,60,95,64,2.09,21,20,28,32,36,18,11,2,2.14,67.01,29,307
129,2082,401,520,476,44,95,53,1,27,18,29,43,30,17,7,3,1.97,48,42,1036
130,1806,401,406,367,39,100,75.01,1,15,19,32,1.91,100,4.58,3.28,2.45,2,59,33,699
131,1997,401,471,416,55,99,46,1,15,19,33,36,27,15,13,9,2.31,64,30,743
132,1701,401,664,594,70,52,22,1.66,19,16,31,4,17,28,38,13,3.39,64,20,371
133,1926,401,457,399,58,91,74,1,31,20,28,45,36,11,8,1,1.84,66.01,23,1059
134,1633,401,584,501,83,97,61,1.31,15,14,25,52,43,2,3,2.43,1.56,86,7,244
135,1690,401,735,693,42,71,24,1.66,10,18,27,7,17,17,31,29,3.58,80,7,388
136,1696,401,536,508,28,77,9,1.66,18,19,29,7,25,28,36,4,3.05,50,35,528
137,1775,401,771,708,63,31,11,8.77,16,17,28,10,26,23,26,14,3.07,81,15,328
138,1673,401,483,436,47,100,76,5.19,12,19,31,31,33,14,16,5,2.3,59,26,492
139,1863,401,387,338,49,96.01,80.01,1,14,19,28,67.01,21,7,4,1,1.5,53,32,1013
140,1990,401,650,611,39,75.01,64.01,1,9,20,28,19,24,13,38,6,2.88,80,10,848
141,1752,401,467,442,25,100.01,70.01,2.42,16,19,28,52,32,9,6,1,1.73,77.01,17,621
142,1782,401,548,512,36,70.01,59,3.38,14,16,34,13,31,17,30,9,2.9,83.01,17,336
143,1995,401,756,717,39,17,4,2.73,14,19,31,5,48,10,32,6,2.85,90,10,455
144,1638,401,440,403,37,97.01,54,2.15,20,18,30,26,27,12,32,1,2.55,45,39,1149
145,1815,401,581,548,33,100.01,63,6.2,23,19,24,43,35,12,8,2,1.92,80.01,12,290
146,1709,401,515,487,28,96.01,66.01,2.68,18,19,27,9,21,18,29,24,3.38,61,21,726
147,1812,401,917,902,15,6,3,1.69,8,17,31,1,2,7,37,54,4.41,95,2.63,436
148,1742,401,657,615,42,63,23,2.43,22,16,30,19,19,29,29,3,2.77,63,27,403
149,1799,401,723,673,50,41,11,1,15,18,31,11,34,19,30,7,2.87,85,9,807
150,1907,401,506,482,24,79.01,7,4.58,24,17,27,46,25,16,12,1,1.96,56,38,637
151,1924,401,569,514,55,76,28,2,13,16,24,14,40,22,22,3,2.6,73.01,27,306
152,1781,401,466,442,24,94.01,13,3.35,16,18,29,8,31,33,25,3,2.84,73.01,29,715
153,1897,401,660,624,36,55,31,2.19,14,18,29,12,20,19,31,18,3.22,80,15,559
154,1596,401,536,456,80,95.01,70,1,13,20,29,28,43,19,7,2,2.12,61,24,514
155,1868,401,486,422,64,96.01,75,1,16,19,30,79.01,17,3,2,1.47,1.28,47,53,617
156,1909,401,453,423,30,98,53,8.64,13,18,29,19,36,17,25,4,2.57,61,30,570
157,1600,401,683,631,52,63,5,3.34,21,17,28,3,20,22,48,7,3.37,64,30,428
158,1894,401,459,426,33,99.01,69.01,1,8,19,24,46,29,13,7,4,1.94,77,25,833
159,1895,401,456,415,41,95.01,65,1,20,18,29,98.01,1,1,1,7.29,1.06,58,28,821
160,1889,401,612,555,57,83.01,20,2.13,19,19,27,2,48,25,15,11,2.85,81.01,6,259
161,1741,401,387,365,22,99.01,75,1,21,18,28,23,41,13,16,7,2.43,66.01,28,761
162,1769,401,420,407,13,98.01,91.01,1,31,19,30,49,35,10,6,1,1.75,67,23,1529
163,1941,401,495,451,44,96.01,41,1,21,18,29,2.13,100.01,4.31,1.7,2.43,2,57,30,1127
164,1744,401,552,491,61,97.01,86.01,1,10,19,28,32,30,21,16,2,2.26,69.01,27,1009
165,1680,401,744,737,7,31,2,9.24,22,16,29,1,6,21,55,16,3.78,81,11,326
166,1858,401,477,424,53,98,56,1.45,22,19,28,10,48,10,33,6.83,2.67,42,39,446
167,2074,401,474,427,47,89.01,64,1.71,28,19,27,44,30,18,5,4,1.94,75,17,450
168,1949,401,696,636,60,66.01,22,1.03,17,16,29,11,44,25,19,2,2.57,96.01,11,373
169,1903,401,592,489,103,100.01,67,4.51,8,18,27,42,21,19,16,3,2.18,80.01,10,443
170,1651,401,650,599,51,73.01,40,2.42,7,19,29,7,25,16,43,10,3.24,56,33,722
171,1723,401,369,354,15,99,83,1,16,19,31,74.01,18,7,1,2.13,1.34,60,33,1009
172,1783,401,437,377,60,99.01,90,1,9,19,28,71.01,19,5,4,1,1.44,65,31,943
173,1634,401,551,505,46,76,59,2.17,16,16,28,2.13,50,25,25,6.89,2.75,67,24,167
174,2088,401,429,419,10,92.01,78.01,1,15,19,26,61,23,10,4,3,1.66,62.01,26,768
175,1925,401,435,425,10,98.01,72,1,14,18,27,41,28,17,13,2,2.06,73.01,21,965
176,1851,401,747,735,12,47,14,5.12,19,18,24,7,29,28,25,10,3.02,95,5,239
177,1616,401,512,480,32,88.01,27,7.21,13,16,22,10,24,35,30,2,2.9,85.01,19,297
178,2092,401,474,423,51,98,65.01,1,14,18,28,32,32,23,6,6,2.22,52,33,587
179,1652,401,850,832,18,12,5,8.29,5,18,31,3,5,13,38,41,4.08,94.01,6,235
180,1820,401,551,504,47,83,37,1,17,19,28,29,37,15,17,3,2.28,76,17,651
181,1791,401,482,441,41,100,67.01,1,35,18,29,42,32,17,9,2.43,1.93,75,21,787
182,1677,401,534,482,52,100.01,49,8.83,22,19,25,43,41,12,3,1,1.77,67,21,259
183,1836,401,506,462,44,87.01,22,1.19,22,18,23,22,47,25,5,1,2.13,72.01,17,213
184,1743,401,556,508,48,86.01,56,2.47,18,18,27,46,31,2,16,4,2.02,81.01,14,372
185,1801,401,457,395,62,100,59,1,21,19,27,18,52,14,16,1.79,2.29,79.01,21,333
186,1678,401,497,440,57,95.01,66.01,1,18,19,30,45,36,11,8,6.8,1.82,67.01,33,1112
187,1731,401,719,684,35,79.01,48,2.17,15,19,32,7,19,28,34,13,3.26,69,23,367
188,1961,401,582,538,44,89.01,67.01,1,26,19,27,26,17,16,28,13,2.84,68,32,401
189,1900,401,486,453,33,96.01,84.01,1,19,19,26,48,27,13,11,1,1.89,69,27,739
190,1740,401,521,452,69,99.01,64,5.32,12,18,29,49,25,17,7,1,1.87,79,15,484
191,1977,401,386,358,28,96.01,65,1,23,19,25,40,60,2.45,1.2,6.82,1.6,46.01,42,364
192,1952,401,397,333,64,98,84.01,1,8,19,27,33,2.47,6.82,67.01,6.82,3,54,40,1004
193,1625,401,631,604,27,65.01,18,2.36,23,18,27,13,24,31,25,6,2.86,82.01,15,464
194,1994,401,428,396,32,97.01,43,1,24,19,30,37,30,14,18,1,2.16,59,39,922
195,1978,401,894,860,34,13,1,2.85,22,19,26,1,21,19,43,15,3.5,93,5,615
196,1805,401,421,399,22,99.01,86,1,9,18,29,67.01,6.8,2.13,1.36,33,2.33,83,12,1081
197,1704,401,524,511,13,97.01,53,1,9,17,26,39,29,16,13,2,2.09,61,33,338
198,1597,401,532,506,26,100,74.01,1,7,19,29,42,26,15,15,3,2.13,75.01,20,1007
199,1872,401,674,634,40,72.01,44,2.03,7,17,21,58,34,5,2,1,1.53,57,36,151
200,1729,401,589,511,78,82.01,43,2.02,20,18,25,43,30,15,10,2,1.97,73.01,18,245
201,1612,401,437,363,74,97.01,71,1,25,19,29,89.01,11,2.24,2.02,2.47,1.11,51,37,704
202,1621,401,717,667,50,72.01,29,4.25,20,18,29,33,36,12,17,2,2.2,90.01,10,236
203,1763,401,586,539,47,80.01,50,2.42,19,19,27,39,41,12,8,1,1.9,79.01,24,499
204,1854,401,470,444,26,98,45,4.49,17,19,29,28,56,12,3,1,1.94,50,31,703
205,1611,401,474,415,59,100,73.01,1,12,19,31,41,35,15,7,1,1.92,65,26,738
206,1778,401,699,660,39,67.01,35,2.17,21,19,27,6,12,20,46,16,3.54,70.01,17,665
207,1615,401,657,625,32,75.01,6,9.62,26,18,26,4,23,25,36,12,3.29,81.01,22,508
208,1795,401,759,725,34,33,18,3.08,19,14,29,2,39,18,34,7,3.05,94.01,13,355
209,2080,401,493,484,9,82.01,67,1,20,19,28,37,33,14,13,2,2.09,65.01,29,1570
210,1671,401,853,812,41,37,16,3.15,15,18,34,2,6,11,29,53,4.25,92.01,8,311
211,416,473,866,836,30,1,1,5.28,11,22,33,2.13,2,18,51,30,4.07,100,3,517
212,425,473,657,593,64,45,11,1.07,16,21,31,10,24,40,19,7,2.9,100,3,510
213,419,473,850,808,42,12,5,3.2,13,21,33,5,7,27,40,22,3.68,100.01,3,422
214,402,473,893,845,48,7,4,1.14,16,20,30,2.13,3,14,39,43,4.22,93.01,4,382
215,430,473,745,663,82,17,3,1.14,17,20,33,4,26,42,23,5,3,89.01,11,240
216,406,473,719,670,49,31,6,2.6,17,21,30,6,25,34,26,8,3.05,100.01,2.34,384
217,412,473,783,725,58,46,5,2.46,21,20,29,7,35,38,15,5,2.77,100,4,333
218,413,473,615,523,92,75.01,36,6.89,17,22,29,1.91,1.71,2.1,1.02,8.74,0,91.01,15,419
219,3070,491,479,443,36,91.01,82.01,2.34,14,20,28,55,21,16,6,2,1.79,94.01,6,396
220,3072,491,763,769,-6,15,19,2.11,18,19,0,7,18,36,27,11,3.17,100,2.34,187
221,3060,491,669,670,-1,48,40,1.64,19,18,28,20,17,33,20,10,2.83,91,13,235
222,3051,491,892,882,10,3,1,1.76,20,19,30,1.91,4,10,38,48,4.29,100,2.51,523
223,3055,491,590,587,3,66.01,52,2.13,10,19,0,30,23,26,15,6,2.46,87.01,13,198
224,194,507,514,527,-13,76.01,48,2.43,16,19,30,31,44,16,8,1,2.03,76,2,602
225,211,507,386,360,26,75,48,1,14,20,29,34,42,21,4,2.38,1.94,57,22,413
226,182,507,411,413,-2,81,45,6.88,22,19,28,12,57,22,8,1,2.3,64.01,29,494
227,167,507,774,757,17,69.01,51,2.59,7,19,26,19,30,24,20,8,2.67,95,2.36,255
228,203,507,844,827,17,11,2,2.27,6,19,29,4,25,24,31,16,3.29,100,6.82,179
229,187,507,498,480,18,77.01,30,2.42,19,20,30,31,32,31,5,1,2.13,78.01,11,322
230,201,507,624,558,66,59,16,2.24,13,18,29,20,31,31,12,5,2.5,100,6.89,191
231,210,507,432,430,2,90.01,29,8.7,17,19,29,11,32,19,35,4,2.88,58,25,595
232,184,507,435,445,-10,87.01,70,1,4,19,30,51,24,17,5,3,1.85,69,15,643
233,165,507,449,434,15,71,21,2.3,19,20,31,30,55,9,6,8.8,1.92,45,31,367
234,181,507,724,714,10,15,3,5.61,18,21,29,2,15,32,34,18,3.51,93,7,196
235,198,507,894,859,35,9,2,3.35,7,20,30,2.13,13,17,34,36,3.92,95,5,213
236,2240,541,599,541,58,76.01,12,2.02,20,19,24,2.12,2.11,2.04,1.03,2.15,0,61,44,198
237,2247,541,508,486,22,77.01,43,2.24,16,20,28,1.91,2.3,6.82,2.2,1.91,0,44,48,333
238,2267,570,897,888,9,11,1,2.15,13,22,31,1,28,23,39.01,8,3.25,75,25,547
239,2278,570,457,404,53,93.01,62,1,16,21,30,47,32,16,3,1,1.79,53,44,684
240,2282,570,582,553,29,64.01,25,1.7,20,21,31,19,30,28,17,6,2.61,86,14,312
241,4448,575,903,884,19,2,12,2.2,7,20,28,1,2,10,40,47,4.32,100,9.85,696
242,4435,575,863,839,24,5,10,9.02,12,18,33,2.14,4,16,40,40,4.16,100.01,7,393
243,4449,575,844,848,-4,3,13,2.44,15,19,28,2.14,3,21,41,34,4.05,100.01,2.03,462
244,4431,575,858,826,32,6,5,2.34,21,20,29,2.12,6,24,38,31,3.94,100,2,672
245,4427,575,802,784,18,21,11,2.1,11,18,32,8,9,35.01,29,20,3.43,100.02,2.36,541
246,4443,575,875,848,27,4,9,2.07,9,19,29,2.14,2,16,43,38,4.17,100,2.12,606
247,3698,600,720,643,77,55,9,2.3,19,18,26,10,68,18,5,2.12,2.17,100,4,332
248,3696,600,483,450,33,89.01,43,6.87,38,19,27,46,44,8,3,2.42,1.69,100.01,6.82,334
249,3715,600,696,636,60,50,11,9.84,23,19,30,6,64.01,23,6,1.25,2.32,100.01,2.15,495
250,3697,600,690,653,37,65,5,2.13,26,21,25,2,90.01,7,1,6.48,2.07,100,2.32,319
251,3700,600,717,665,52,77,11,2.24,29,19,27,28,42,24,6,2.17,2.08,100,6.88,351
252,3701,600,687,617,70,62,18,9.8,19,21,26,5,65.01,25,4,1,2.3,100,2.36,318
253,3518,605,623,564,59,60,23,2.11,16,19,27,25,31,28,14,3,2.4,94,16,384
254,3511,605,688,662,26,40,10,6.87,23,20,28,15,18,38,17,13,2.96,92.01,11,554
255,3520,605,643,575,68,63,29,1,19,19,27,24,20,28,10,17,2.76,87.01,23,573
256,3516,605,574,519,55,65,21,2.13,24,20,29,24,26,36.01,10,4,2.44,84.01,16,243
257,3525,605,632,568,64,51,18,1,19,19,31,21,27,33,12,7,2.57,91.01,15,555
258,3537,605,694,678,16,12,4,1,15,19,29,3,12,41,27,17,3.41,89.01,16,617
259,3519,605,532,525,7,62,36,2.49,19,19,34,39,29,22,6,3,2.06,87,23,541
260,3523,605,657,618,39,48,14,1.71,23,20,32,14,33,42,7,4,2.54,89.01,17,515
261,3535,605,705,673,32,20,6,2.12,15,19,30,7,19,38,18,19,3.24,96,11,490
262,3765,620,758,701,57,45,10,2.86,21,22,34,2.12,46,25,23,5,2.87,94.01,12,207
263,3736,620,556,542,14,61,46,2.8,39.01,22,25,22,26,30,20,3,2.57,96.01,15,657
264,3785,620,459,439,20,98,52,2.8,36,19,27,31,29,22,17,1,2.28,100.01,17,645
265,3741,620,573,516,57,100,51,2.8,31,20,32,37,31,15,16,2,2.14,100,6,434
266,3757,620,707,667,40,57,11,2.8,22,21,31,4,15,46,23,12,3.23,100.01,11,309
267,3751,620,592,533,59,100,22,2.8,35,20,30,2.14,85.01,11,2,2,2.22,100,13,222
268,3791,620,724,674,50,49,20,2.8,24,19,35,2.12,22,33,36,9,3.33,100,11,401
269,3772,620,829,824,5,22,7,2.8,14,19,33,10,26,21,30,13,3.09,100.01,2.46,329
270,3758,620,690,642,48,98.01,51,1.91,10,20,28,28,25,28,15,4,2.4,100.01,5,230
271,3794,620,610,540,70,100.01,47,1.76,31,20,23,75.01,15,2.15,1.85,10,1.55,100.01,18,170
272,3793,620,528,460,68,99.01,35,2.09,27,18,33,19,41,30,8,3,2.36,96.01,4,358
273,3759,620,585,556,29,54,11,6.82,27,25,37,8,31,22,29,10,3.02,100.01,8,133
274,3784,620,859,801,58,18,1,2.46,9,21,33,2.14,7,17,35,42,4.12,100.01,2.22,406
275,3754,620,732,672,60,63,8,2.07,37,19,30,16,36,24,22,2,2.59,100.01,9,292
276,3196,621,799,762,37,21,8,6.89,12,19,32,15,43,21,16,5,2.54,98,3,560
277,3203,621,845,799,46,14,4,2.28,12,19,30,6,25,27,35,9,3.16,97,6,410
278,3200,621,854,854,8.41,6,1,2.47,13,19,32,4,31,25,36,4,3.04,97.01,6.8,586
279,3184,621,790,758,32,26,15,2.34,17,19,32,16,27,23,29,6,2.82,95,7,539
280,3202,621,839,810,29,12,3,2.17,17,17,30,8,20,24,39,9,3.23,100,8,203
281,3187,621,689,682,7,51,36,2.15,13,19,32,31,25,16,23,5,2.47,90,10,519
282,3193,621,841,840,1,6,5,2.3,17,19,31,3,23,24,35,16,3.39,97,3,510
283,4132,627,493,471,22,94.01,41,1,33,20,32,53,27,15,4,1,1.71,73,29,590
284,4128,627,643,622,21,82.01,24,1,19,20,27,30,35,22,9,4,2.23,85.01,18,522
285,4131,627,698,686,12,62,29,1,15,20,32,19,33,22,19,7,2.62,98,2.15,583
286,4173,627,486,476,10,95,40,1,24,20,34,55,31,12,2,6.19,1.61,87,15,645
287,4167,627,612,551,61,75,26,6.8,16,20,32,28,24,34,11,3,2.38,100,5,277
288,4140,627,630,550,80,67.01,21,1,21,20,32,25,28,30,12,4,2.42,85,13,607
289,4145,627,525,519,6,78.01,18,1,25,20,31,23,32,30,10,4,2.4,86,14,439
290,4143,627,485,448,37,94.01,40,1,37,19,32,60,23,14,3,1,1.61,76,18,583
291,4136,627,474,437,37,92.01,34,1,28,20,31,48,31,17,3,1.42,1.77,81,19,470
292,4488,630,521,568,-47,97.01,77.01,2.25,14,19,0,61,18,15,4,1,1.68,79,4,210
293,4576,630,801,762,39,32,18,2.8,14,20,30,7,22,29,33,9,3.15,98,2.3,548
294,4506,630,709,619,90,59,17,2.46,20,16,33,10,25,36,20,9,2.94,100,2.43,135
295,4554,630,836,785,51,29,27,2.63,17,19,32,19,13,8,26,33,3.41,100,2.07,231
296,4518,630,769,723,46,47,6,2.12,13,19,25,7,18,36,20,19,3.25,96,4,295
297,4486,630,706,701,5,62,15,3.07,13,21,28,12,27,27,29,6,2.9,100,2,645
298,4537,630,655,614,41,78,27,1.75,16,19,32,21,26,32,16,7,2.62,100,2.17,438
299,4585,630,845,843,2,31,24,1.27,25,19,31,3,5,11,27,54,4.24,100,2.34,469
300,4573,630,789,747,42,41,27,1.05,16,20,30,12,26,25,32,5,2.92,100,2,575
301,4534,630,445,421,24,100,70,2.25,0,0,29,44,25,15,13,3,2.07,90,2.15,512
302,4581,630,708,691,17,74.01,2,8.7,24,19,30,1,55,31,10,4,2.61,98,2,603
303,4507,630,751,679,72,71.01,19,7.9,20,17,20,10,16,41,16,18,3.16,100,2.15,130
304,4522,630,461,441,20,100,74.01,8.78,22,19,31,55,31,10,3,1,1.65,85,3,726
305,4530,630,757,723,34,58,14,2.47,16,18,30,6,17,36,30,10,3.21,98,4,525
306,4583,630,865,837,28,40,8,2.02,17,19,30,4,17,27,29,23,3.51,100,2.07,344
307,4485,630,567,524,43,81,45,2.19,26,18,25,45,31,18,5,1,1.88,97,3,400
308,4558,630,748,684,64,62,21,4.63,11,18,29,11,20,39,21,9,2.98,95,5,253
309,4480,630,612,528,84,79,34,2.07,15,20,31,26,31,25,14,4,2.38,82,7,354
310,4533,630,500,463,37,95.01,69.01,3.72,24,19,26,45,29,12,8,5,1.99,97,6.82,350
311,4574,630,740,672,68,54,18,2.23,14,20,33,10,21,33,28,9,3.05,100,2.45,612
312,4580,630,740,712,28,66.01,2,9.85,19,19,29,2,27,44,23,4,3,100,2.32,543
313,4596,630,883,864,19,4,3,2.02,9,20,30,1,10,9,52,28,3.98,97,3,556
314,4514,630,799,789,10,38,10,2.45,14,19,30,5,18,29,26,21,3.4,100,6.13,378
315,4519,630,887,852,35,19,8,2.13,10,19,27,3,14,19,33,31,3.74,100,0,256
316,4502,630,493,489,4,91.01,71,2.41,27,19,30,70.01,19,8,3,1,1.46,87,7,410
317,4516,630,586,529,57,93,59,2.42,21,20,32,53,35,8,4,2.11,1.65,90,3,763
318,4511,630,626,626,9.15,79.01,36,2.03,11,19,33,24,29,28,14,6,2.49,92,8,159
319,4487,630,528,476,52,91,68,1,10,18,27,47,28,14,8,4,1.94,81,4,459
320,4528,630,741,700,41,44,18,2.49,17,20,33,5,21,41,22,11,3.13,100,2,353
321,4539,630,620,621,-1,71.01,23,3.53,14,20,31,12,33,24,22,9,2.84,41,59,216
322,4547,630,803,751,52,48,18,2.42,17,18,29,9,22,36,24,8,3,100,1.03,266
323,4731,632,655,635,20,56,28,1.99,13,18,32,9,26,34.01,20,12,3.02,82,14,267
324,4720,632,597,576,21,71.01,37,5.82,8,17,30,19,53,17,11,1,2.21,81.01,1.36,197
325,4783,632,789,730,59,20,11,2.02,4,19,25,2,7,17,37,37,3.99,76.01,10,237
326,4737,632,808,812,-4,61,26,2.02,7,21,32,8,33,23,32,4,2.93,81.01,11,329
327,4736,632,532,450,82,83,39,2.27,10,18,28,22,39,24,15,2.56,2.33,69.01,21,335
328,4714,632,503,504,-1,68.01,29,5.11,10,18,21,31,38,17,13,1,2.14,83.01,13,206
329,4781,632,655,638,17,53,12,8.16,7,20,23,9,74.01,11,4,1,2.14,94,1.71,187
330,4698,632,781,750,31,28,26,4.35,9,20,29,7,14,17,38,24,3.6,95.01,5,280
331,4775,632,808,806,2,14,5,2.07,3,19,29,1,7,12,35,45,4.15,87,10,448
332,4747,632,643,661,-18,72.01,13,2.34,12,19,27,9,36,35,16,4,2.68,94.01,6,229
333,4744,632,700,666,34,78.01,44,4.49,5,20,25,31,38,15,13,3,2.17,78,6,215
334,4729,632,558,496,62,82.01,41,3.24,8,19,20,47,37,7,6,3,1.8,90,2.43,189
335,4780,632,795,781,14,15,6,2.17,5,19,30,1.91,6,14,43,36,4.08,77.01,17,404
336,4774,632,682,641,41,35,22,9.62,2,19,27,4,9,14,45,28,3.84,80,5.4,222
337,4777,632,682,675,7,75.01,6,5.12,10,19,25,2.12,36,29,29,7,3.07,63,26,240
338,5387,635,892,861,31,2,3,4.58,13,19,31,1.53,3,10,46.01,40,4.23,78,5,602
339,5386,635,876,796,80,9,3,2.42,14,19,33,2,5,13,54,27,3.99,96.01,3.79,387
340,5370,635,790,753,37,17,10,8.47,17,18,28,5,17,28,38,11,3.33,96,4,350
341,5366,635,558,508,50,57,47,2.46,22,17,30,41,30,18,9,2,2.02,100,2.07,327
342,5358,635,575,578,-3,56,50,2.19,19,18,30,32,24,24,14,5,2.37,92.01,2.41,257
343,5388,635,686,658,28,28,23,2.42,13,18,31,6,15,33,27,18,3.36,95.01,5,281
344,5371,635,710,684,26,37,23,4.84,18,20,27,16,18,28,17,21,3.09,71.01,8,344
345,5362,635,487,454,33,62,47,2.03,21,18,27,28,44,14,13,1,2.14,86.01,9,310
346,3867,636,762,739,23,23,1,1.73,8,20,42,1,17,38,36,8,3.32,100.01,3.54,337
347,3848,636,801,794,7,27,1,2.3,19,20,45,1,24,33,30,11,3.26,95,5,317
348,3834,636,640,622,18,69,42,2.11,22,19,43,8,30,34,24,4,2.87,95,5,297
349,3833,636,601,499,102,100.01,24,4.49,31,20,33,30,31,25,13,1,2.26,85.01,10,269
350,3828,636,624,596,28,78.01,12,9.71,36,20,44,16,28,39,12,4,2.6,86.01,10,290
351,3839,636,863,848,15,14,1,2.17,18,20,46,2.78,9,24,39,28,3.85,100.01,2.25,355
352,3843,636,709,690,19,52,3,1.03,24,20,31,7,34,37,18,4,2.77,100.01,8.59,339
353,3854,636,883,851,32,20,1,6.91,24,21,40,1,14,28,35,22,3.64,96.01,4,394
354,3845,636,763,748,15,40,2,5.12,24,17,41,11,24,33,22,11,2.98,80.01,15,300
355,3850,636,727,655,72,40,1,3.15,29,18,39,10,35,25,23,8,2.85,100.01,2.07,146
356,3864,636,568,527,41,78.01,30,8.34,36,20,49,17,38,35,9,2,2.4,75.01,10,321
357,3853,636,743,726,17,48,2,8.29,27,20,42,6,28,38,21,7,2.95,92,8,367
358,3869,636,724,686,38,48,25,8.29,19,20,42,10,26,33,27,4,2.9,90.01,7,457
359,3826,636,831,842,-11,11,2,2.42,9,20,46,1,6,27,48,18,3.75,88.01,8,318
360,3824,636,876,850,26,23,1,6,21,23,34,3,11,28,29,30,3.71,95,5.18,399
361,3835,636,556,537,19,100.01,28,2.22,32,20,50,33,26,25,13,3,2.27,79.01,15,410
362,3865,636,847,837,10,9,1.12,1.18,8,20,35,1,15,25,38,21,3.62,95,5,312
363,3822,636,622,588,34,76.01,6,1.91,38,20,35,7,59,29,6,6.88,2.34,95,5,222
364,3129,653,531,502,29,82,74.01,1,13,22,28,43,37,16,3,1,1.8,83,17,602
365,3128,653,521,502,19,90.01,74.01,1,12,21,28,54,28,14,3,1,1.7,75.01,24,779
366,3127,653,473,437,36,95.01,86.01,1,15,21,30,83.01,8,8,2.34,6.82,1.25,71,29,590
367,3121,653,529,502,27,88.01,75,1,13,19,29,46.01,33,15,4,3,1.86,83.01,17,611
368,3145,653,806,815,-9,32,14,2.22,20,21,30,10,24,43,14,9,2.88,91.01,9,695
369,3133,653,744,677,67,58,35,2.15,13,20,31,22,26,32,10,10,2.6,88.01,12,688
370,3151,653,444,413,31,91,88.01,1,14,21,27,58,30,10,1,2.07,1.56,70,30,593
371,6068,689,714,672,42,45,21,2.11,13,18,28,50,50,2.28,1.45,2.15,1.5,96.01,1.41,368
372,6072,689,865,843,22,5,2.77,1.15,4,20,30,2.34,2.15,2.49,2.42,2.47,0,100,2.15,451
373,6057,689,641,616,25,45,17,4.97,13,20,32,50,6.89,2.34,50,2.43,2.5,100.01,2.15,657
374,6065,689,772,745,27,11,2,2.49,16,18,28,2.47,2.47,5,2.19,2.34,0,96.01,4.63,374
375,6062,689,750,730,20,21,4,2.46,15,19,31,2.02,2.46,8.5,2.21,6.82,0,100,1.92,397
376,6060,689,738,708,30,18,2,2.25,13,19,30,2.47,2.13,2.94,100,2.39,4,97.01,3,392
377,4879,716,529,482,47,83,28,2.91,16,18,23,31,23,29,14,4,2.37,80,13,352
378,4871,716,554,513,41,84.01,24,2.91,23,19,26,75.01,9,10,5,1,1.47,83,12,535
379,4875,716,504,451,53,90,46,1,19,20,26,33,17,20,20,10,2.57,83.01,17,657
380,4859,716,592,556,36,80.01,33,2.12,22,18,27,22,31,29,16,2,2.45,92.01,8,532
381,4877,716,627,582,45,86.01,35,1,16,20,25,41,26,22,8,2,2.03,80.01,9,612
382,4880,716,625,578,47,59,8,1,19,19,28,18,44,25,13,1,2.36,93.01,5,559
383,4881,716,436,415,21,100.01,49,2.13,19,19,24,40,20,13,28,6.82,2.28,80.01,17,363
384,4876,716,487,443,44,86,26,2.12,26,18,21,50.01,2.47,2.34,50,2.49,2.5,80.01,8,300
385,4868,716,610,520,90,84,34.01,2.78,27,20,27,27,39,15,18,1,2.27,82.01,12,331
386,4862,716,516,433,83,100.01,35,1,33,18,25,32,26,25,13,4,2.31,72,21,704
387,4878,716,465,440,25,90.01,27,2.25,21,21,26,13,25,40,17,4,2.73,74,15,466
388,5920,779,654,581,73,48,15,2.89,16,18,31,21,35,21,19,4,2.5,100.01,2.51,364
389,5917,779,735,672,63,42,4,2.65,16,19,29,8,42,24,20,7,2.75,100,2.83,360
390,5927,779,576,518,58,68.01,26,1,21,19,29,36.01,37,16,9,2,2.03,96,4,657
391,5926,779,469,483,-14,91.01,54,2.16,17,18,28,52,36,6,6,2.49,1.66,100,3,391
392,5933,779,515,468,47,91.01,28,1.76,32,17,26,40.01,45,11,4,2.43,1.79,88.01,12,218
393,469,796,543,527,16,82.01,25,2.11,23,20,27,27,46,16,9,1,2.12,80.01,6,400
394,468,796,783,758,25,31,6,0,15,19,27,7,38,22,23,10,2.89,96.01,8,317
395,482,796,745,736,9,27,12,6.32,11,18,28,5,29,23,37,7,3.12,95.01,5,266
396,489,796,720,678,42,34,8,7.92,20,19,24,8,34,26,26,6,2.88,85.01,7,461
397,504,796,802,787,15,26,10,2.65,21,19,33,3,27,21,37,12,3.29,91.01,5,360
398,488,796,539,424,115,98.01,12,2.63,18,20,24,10,75.01,13,1,2.58,2.06,93.01,7,301
399,479,796,512,447,65,98.01,34,1.76,31,19,32,31,48,11,9,1,2.01,83.01,6,269